value,tag,default
iam,iam,FALSE
data-wrangler,data-wrangler,FALSE
feature-request,feature-request,FALSE
ground-truth,ground-truth,FALSE
performance-issue,performance-issue,FALSE
jumpstart,jumpstart,FALSE
training-plans,training-plans,FALSE
edge,edge,FALSE
training-experiments-debugger-processing,training-experiments-debugger-processing,FALSE
model-dashboard,model-dashboard,FALSE
canvas,canvas,FALSE
role-manager,role-manager,FALSE
model-artifact-issue,model-artifact-issue,FALSE
general-guidance-custom-algorithm,general-guidance-custom-algorithm,FALSE
lakehouse,lakehouse,FALSE
pipelines,pipelines,FALSE
hyperpod,hyperpod,FALSE
feature-store,feature-store,FALSE
operators-for-kubernetes,operators-for-kubernetes,FALSE
profiler,profiler,FALSE
general-guidance-hosted-algorithms,general-guidance-hosted-algorithms,FALSE
autopilot,autopilot,FALSE
apis,apis,FALSE
console-issue,console-issue,FALSE
model-cards,model-cards,FALSE
studio,studio,FALSE
general-guidance-framework,general-guidance-framework,FALSE
unified-studio,unified-studio,FALSE
notebook-issue,notebook-issue,FALSE
fm-evaluations,fm-evaluations,FALSE
clarify,clarify,FALSE
geospatial,geospatial,FALSE
ground-truth-plus,ground-truth-plus,FALSE
model-deployment-compilation-monitor,model-deployment-compilation-monitor,FALSE
job-issue,job-issue,FALSE